,0,0
0,UC5nc_ZtjKW1htCVZVRxlQAQ,MrSuicideSheep
1,UCSa8IUd1uEjlREMa21I3ZPQ,CloudKid
2,UCXIyz409s7bNWVcM-vjfdVA,Majestic Casual
3,UC3ifTl5zKiCAhHIBQYcaTeg,Proximity
4,UCd3TI79UTgYvVEq5lTnJ4uQ,MrRevillz
5,UCMOgdURr7d8pOVlc-alkfRg,xKito Music
6,UCxH0sQJKG6Aq9-vFIPnDZ2A,The Vibe Guide
7,UCM9KEEuzacwVlkt9JfJad7g,Chill Nation
8,UCXKr4vbqJkg4cXmdvaAEjYw,La Belle Musique
9,UCa10nxShhzNrCE1o2ZOPztg,Trap Nation
10,UCFZ75Bg73NJnJgmeUX9l62g,Selected.
11,UCSDz7pf448A4cZMT_AuNyiA,PresageMusic
12,UCwIgPuUJXuf2nY-nKsEvLOg,AirwaveMusicTV
13,UCudKvbd6gvbm5UCYRk5tZKA,TheSoundYouNeed
14,UCE5PGnLwbvfyz4SV9x9zEwA,dynmk
15,UCpDJl2EmP7Oh90Vylx0dZtA,Spinnin' Records
16,UCWPqvTI1HMOC0xxyaqfLtXQ,IndieCurrent
17,UCa1Q2ic8wDlT1WH7LSO_4Sg,Eton Messy
18,UCWzZ5TIGoZ6o-KtbGCyhnhg,College Music
19,UCQKAQuy1Rbj49rJMmiLigTg,MrDeepSense
